"","crab.ID","treatment","genotype","timepoint0","timepoint1","timepoint2","timepoint3","timepoint4","timepoint5","temperature","timepoint1_Q10","timepoint2_Q10","timepoint3_Q10","timepoint4_Q10","timepoint5_Q10"
"1",146,"1.5C","CT",1.03,1.41666666666667,11.2733333333333,18.7233333333333,14.17,54.1933333333333,2.13,0.780619565565438,0.155786220572263,0.105034463747234,0.130424525479222,0.0459935836569759
"2",150,"1.5C","CT",0.78,1.25,4.8,6.63,27.0833333333333,11.9366666666667,2.13,0.693199541903942,0.243687050634541,0.189601065041468,0.0635253060323683,0.120065557896363
"3",154,"1.5C","CT",1.82333333333333,1.91,19.0333333333333,10.45,18.8633333333333,91,2.13,0.964561660670965,0.161625211040004,0.257536619550072,0.162755855383493,0.0479199610440376
"4",156,"1.5C","CT",0.833333333333333,1.03333333333333,22.38,79.44,91,27.02,2.13,0.846079705644461,0.0775592815747715,0.0289830541336345,0.0260795099386067,0.0669970198712868
"5",160,"1.5C","CT",1.06,1.29333333333333,10.6566666666667,11.98,8.84333333333333,8.98,2.13,0.856768625238876,0.166417910586291,0.151950065416054,0.192371757691504,0.190093042904612
"6",161,"1.5C","CT",1.13666666666667,1.44666666666667,8.29,27.0933333333333,81.34,91,2.13,0.829126032764207,0.213554829241639,0.0850925917111886,0.036217557466584,0.0331932897341345
"7",168,"1.5C","CT",1.39666666666667,0.853333333333333,34.6433333333333,14.4766666666667,85.75,11.7533333333333,2.13,1.46641876373267,0.0824995371073454,0.162516256262517,0.040795548208236,0.191082635999716
"8",175,"1.5C","CT",1.03333333333333,1.04333333333333,34.045,26.3666666666667,48.9766666666667,91,2.13,0.992544718123875,0.0661695525417324,0.0807056268978435,0.0498817742080574,0.0308239398305174
"9",179,"1.5C","CT",1.05333333333333,1.68333333333333,18.59,7.08333333333333,9.24,11.2233333333333,2.13,0.694703207731035,0.107473797285595,0.227456487401233,0.185014511706268,0.159069956880829
"10",182,"1.5C","CT",2.34666666666667,1.74666666666667,6.96,22.6533333333333,32.9966666666667,29.4666666666667,2.13,1.25789284205694,0.429667985027124,0.171752205418592,0.128229693794702,0.140013429187123
"11",190,"1.5C","CT",0.853333333333333,1.78333333333333,11.4433333333333,23.1133333333333,32.8633333333333,36.6033333333333,2.13,0.563989885758864,0.13304024370793,0.0770472066912855,0.0586128830096432,0.0539041788926802
"12",195,"1.5C","CT",1.77,1.40333333333333,36.1833333333333,44.47,23.2433333333333,46.5,2.13,1.19765389917098,0.0958766935653983,0.0816819280616991,0.135226091022927,0.0788974888373159
"13",196,"1.5C","TT",1.75333333333333,1.27333333333333,6.54,5.81666666666667,21.1066666666667,36.9566666666667,2.13,1.28216169534255,0.359565780454783,0.393849654133445,0.14467976660896,0.0936233937209103
"14",201,"1.5C","CT",4.70666666666667,2.16666666666667,12.69,12.6,47.6333333333333,85,2.13,1.8272086521267,0.462709407495147,0.465275407953703,0.165562027627671,0.10556959675738
"15",209,"5C","CT",0.78,1.10666666666667,8.26333333333333,9.27333333333333,7.71333333333333,2.54,5.19,0.70006013154442,0.0901749611653207,0.0801743420236031,0.0967338547172915,0.300144340741606
"16",212,"5C","CT",1.36333333333333,1,2.94666666666667,3.43666666666667,2.59333333333333,5.52,5.19,1.37154172665246,0.455814372792129,0.389661689485975,0.519200470666611,0.240380966506066
"17",215,"5C","CT",1.09333333333333,1.10333333333333,3.84333333333333,3.29333333333333,3.44,7.33,5.19,0.990761828501904,0.277632609730274,0.324968970922708,0.310851270476762,0.14376191441566
"18",217,"5C","CT",0.81,0.856666666666667,1.69,4.27,2.17,1.37333333333333,5.19,0.944500056070307,0.47251124124529,0.18368536708136,0.366215122612398,0.583805460110229
"19",221,"5C","CT",1.18,1.54,2.82,7.66,4.02,3.16666666666667,5.19,0.762292412114579,0.411438272698077,0.148566096352972,0.286645757962458,0.365574760902916
"20",223,"5C","CT",0.78,1.42333333333333,2.73666666666667,2.36666666666667,2.38666666666667,1.66666666666667,5.19,0.541662575210762,0.278172811010071,0.322568023888069,0.319812810801164,0.461168013857628
"21",228,"5C","CT",1.18666666666667,1.46,1.8,2.86333333333333,2.93,1.70666666666667,5.19,0.809528794888073,0.653960806638234,0.407425062859651,0.397977420799921,0.690435925930644
"22",235,"5C","CT",1.31333333333333,0.986666666666667,4.03,8.16,4.86333333333333,2.63666666666667,5.19,1.33847450337491,0.318888650890628,0.155353086537301,0.26328679781354,0.491425207245602
"23",240,"5C","CT",1.79333333333333,1.06333333333333,2.28666666666667,1.43666666666667,4.55333333333333,2.44333333333333,5.19,1.70367975992526,0.780573901350656,1.25363249284816,0.386806676454857,0.729586449745428
"24",246,"5C","CT",2.27666666666667,0.906666666666667,3.16333333333333,6.74,2.37,13.54,5.19,2.55620762533814,0.715134714942765,0.330757916157237,0.959871623402166,0.162436557276728
"25",250,"5C","CT",1.6,1.28,22.3733333333333,2.01,20.71,1.43,5.19,1.25541399389003,0.0679518227267837,0.792510492183012,0.0735193252495158,1.1213179961435
"26",251,"5C","CT",1.26666666666667,1.36,2.70666666666667,9.37333333333333,4.36,7.11666666666667,5.19,0.930090945351853,0.461148221018568,0.129996903436142,0.283647295421382,0.172134211280598
"27",256,"5C","TT",0.86,1.17,1.83666666666667,5.73666666666667,13.5,5.83666666666667,5.19,0.730673459861933,0.461408654402262,0.144502875369821,0.0603953849978879,0.141979568207146
"28",259,"5C","TT",0.843333333333333,1.23666666666667,6.70666666666667,8.02,3.72,4.45,5.19,0.676903278084751,0.12079571359865,0.100665257960226,0.220278854793293,0.183505285804369
