crab-ID,tank,extraction-date,PCR-date,restriction-digest-date,gel-date,genotype,notes
ME-32,1,3-6-2025,3-20-2025,3-20-2025,3-20-2025,CT,"leg joints are in ""MA"" box"
ME-33,1,3-6-2025,3-20-2025,3-20-2025,3-20-2025,CC,
ME-34,1,3-6-2025,3-20-2025,3-20-2025,3-20-2025,CT,
ME-35,1,3-6-2025,3-20-2025,3-20-2025,3-20-2025,CC,
ME-36,1,3-6-2025,3-20-2025,3-20-2025,3-20-2025,CT,
ME-37,1,3-6-2025,3-21-2025,3-21-2025,3-21-2025,CC,
ME-38,1,3-20-2025,3-21-2025,3-21-2025,3-21-2025,CC,
ME-39,1,3-20-2025,3-21-2025,3-21-2025,3-21-2025,CT,
ME-40,1,3-20-2025,3-21-2025,3-21-2025,3-21-2025,CC,
ME-41,1,3-20-2025,3-21-2025,3-21-2025,3-21-2025,CC,
ME-42,1,3-20-2025,3-21-2025,3-21-2025,3-21-2025,CC,
ME-43,1,3-20-2025,3-21-2025,3-21-2025,3-21-2025,CC,
ME-44,1,3-20-2025,3-21-2025,3-21-2025,3-21-2025,CC,
ME-45,1,3-20-2025,3-21-2025,3-21-2025,3-21-2025,CC,
ME-46,1,3-20-2025,3-21-2025,3-21-2025,3-21-2025,CT,
ME-47,1,3-20-2025,3-21-2025,3-21-2025,3-21-2025,CC,
ME-48,1,3-20-2025,3-21-2025,3-21-2025,3-21-2025,CT,
ME-49,2,3-20-2025,3-24-2025,3-24-2025,3-24-2025,CT,
ME-50,2,3-20-2025,3-21-2025,3-21-2025,3-21-2025,CC,
ME-51,2,3-20-2025,3-21-2025,3-21-2025,3-21-2025,CC,
ME-52,2,3-20-2025,3-24-2025,3-24-2025,3-24-2025,TT,false bottom band 
ME-53,2,3-20-2025,3-21-2025,3-21-2025,3-21-2025,CC,
ME-54,2,3-20-2025,3-21-2025,3-21-2025,3-21-2025,CT,
ME-55,2,3-20-2025,3-21-2025,3-21-2025,3-21-2025,CT,
ME-56,2,3-20-2025,3-21-2025,3-21-2025,3-21-2025,CC,
ME-57,2,3-20-2025,3-21-2025,3-21-2025,3-21-2025,CT,
ME-58,2,3-20-2025,3-24-2025,3-24-2025,3-24-2025,CT,clear 2 band pattern
ME-59,2,3-24-2025,3-26-2025,3-26-2025,3-26-2025,CC,
ME-60,2,3-24-2025,3-26-2025,3-26-2025,3-26-2025,CC,
ME-61,2,3-24-2025,3-26-2025,3-26-2025,3-26-2025,CC,
ME-62,2,3-24-2025,3-26-2025,3-26-2025,3-26-2025,CC,
ME-63,2,3-24-2025,3-26-2025,3-26-2025,3-26-2025,CT,
ME-64,2,3-24-2025,3-26-2025,3-26-2025,3-26-2025,CT,
ME-65,2,3-24-2025,3-26-2025,3-26-2025,3-26-2025,CT,